"","...1","...2","<<<<<<< HEAD"
"1",1,1,",...1,...2,...3,...4,...5,...6,...7,...8,...9,...10,...11,...12,...13,...14,...15,...16,...17,Source,Year,Mean"
"2",2,2,"1,1,1,1,1,1,1,1,1,1,1,1,1,1,1,1,1,1,GCAG,2016,0.9363"
"3",3,3,"2,2,2,2,2,2,2,2,2,2,2,2,2,2,2,2,2,2,GISTEMP,2016,0.99"
"4",4,4,"3,3,3,3,3,3,3,3,3,3,3,3,3,3,3,3,3,3,GCAG,2015,0.8998"
"5",5,5,"4,4,4,4,4,4,4,4,4,4,4,4,4,4,4,4,4,4,GISTEMP,2015,0.87"
"6",6,6,"5,5,5,5,5,5,5,5,5,5,5,5,5,5,5,5,5,5,GCAG,2014,0.7408"
"7",7,7,"6,6,6,6,6,6,6,6,6,6,6,6,6,6,6,6,6,6,GISTEMP,2014,0.74"
"8",8,8,"7,7,7,7,7,7,7,7,7,7,7,7,7,7,7,7,7,7,GCAG,2013,0.6679"
"9",9,9,"8,8,8,8,8,8,8,8,8,8,8,8,8,8,8,8,8,8,GISTEMP,2013,0.65"
"10",10,10,"9,9,9,9,9,9,9,9,9,9,9,9,9,9,9,9,9,9,GCAG,2012,0.624"
"11",11,11,"10,10,10,10,10,10,10,10,10,10,10,10,10,10,10,10,10,10,GISTEMP,2012,0.63"
"12",12,12,"11,11,11,11,11,11,11,11,11,11,11,11,11,11,11,11,11,11,GCAG,2011,0.5788"
"13",13,13,"12,12,12,12,12,12,12,12,12,12,12,12,12,12,12,12,12,12,GISTEMP,2011,0.6"
"14",14,14,"13,13,13,13,13,13,13,13,13,13,13,13,13,13,13,13,13,13,GCAG,2010,0.7014"
"15",15,15,"14,14,14,14,14,14,14,14,14,14,14,14,14,14,14,14,14,14,GISTEMP,2010,0.71"
"16",16,16,"15,15,15,15,15,15,15,15,15,15,15,15,15,15,15,15,15,15,GCAG,2009,0.6367"
"17",17,17,"16,16,16,16,16,16,16,16,16,16,16,16,16,16,16,16,16,16,GISTEMP,2009,0.64"
"18",18,18,"17,17,17,17,17,17,17,17,17,17,17,17,17,17,17,17,17,17,GCAG,2008,0.5419"
"19",19,19,"18,18,18,18,18,18,18,18,18,18,18,18,18,18,18,18,18,18,GISTEMP,2008,0.54"
"20",20,20,"19,19,19,19,19,19,19,19,19,19,19,19,19,19,19,19,19,19,GCAG,2007,0.61"
"21",21,21,"20,20,20,20,20,20,20,20,20,20,20,20,20,20,20,20,20,20,GISTEMP,2007,0.66"
"22",22,22,"21,21,21,21,21,21,21,21,21,21,21,21,21,21,21,21,21,21,GCAG,2006,0.6125"
"23",23,23,"22,22,22,22,22,22,22,22,22,22,22,22,22,22,22,22,22,22,GISTEMP,2006,0.63"
"24",24,24,"23,23,23,23,23,23,23,23,23,23,23,23,23,23,23,23,23,23,GCAG,2005,0.6585"
"25",25,25,"24,24,24,24,24,24,24,24,24,24,24,24,24,24,24,24,24,24,GISTEMP,2005,0.69"
"26",26,26,"25,25,25,25,25,25,25,25,25,25,25,25,25,25,25,25,25,25,GCAG,2004,0.5783"
"27",27,27,"26,26,26,26,26,26,26,26,26,26,26,26,26,26,26,26,26,26,GISTEMP,2004,0.55"
"28",28,28,"27,27,27,27,27,27,27,27,27,27,27,27,27,27,27,27,27,27,GCAG,2003,0.6134"
"29",29,29,"28,28,28,28,28,28,28,28,28,28,28,28,28,28,28,28,28,28,GISTEMP,2003,0.62"
"30",30,30,"29,29,29,29,29,29,29,29,29,29,29,29,29,29,29,29,29,29,GCAG,2002,0.6023"
"31",31,31,"30,30,30,30,30,30,30,30,30,30,30,30,30,30,30,30,30,30,GISTEMP,2002,0.63"
"32",32,32,"31,31,31,31,31,31,31,31,31,31,31,31,31,31,31,31,31,31,GCAG,2001,0.5473"
"33",33,33,"32,32,32,32,32,32,32,32,32,32,32,32,32,32,32,32,32,32,GISTEMP,2001,0.55"
"34",34,34,"33,33,33,33,33,33,33,33,33,33,33,33,33,33,33,33,33,33,GCAG,2000,0.4262"
"35",35,35,"34,34,34,34,34,34,34,34,34,34,34,34,34,34,34,34,34,34,GISTEMP,2000,0.42"
"36",36,36,"35,35,35,35,35,35,35,35,35,35,35,35,35,35,35,35,35,35,GCAG,1999,0.4438"
"37",37,37,"36,36,36,36,36,36,36,36,36,36,36,36,36,36,36,36,36,36,GISTEMP,1999,0.42"
"38",38,38,"37,37,37,37,37,37,37,37,37,37,37,37,37,37,37,37,37,37,GCAG,1998,0.6344"
"39",39,39,"38,38,38,38,38,38,38,38,38,38,38,38,38,38,38,38,38,38,GISTEMP,1998,0.64"
"40",40,40,"39,39,39,39,39,39,39,39,39,39,39,39,39,39,39,39,39,39,GCAG,1997,0.5187"
"41",41,41,"40,40,40,40,40,40,40,40,40,40,40,40,40,40,40,40,40,40,GISTEMP,1997,0.48"
"42",42,42,"41,41,41,41,41,41,41,41,41,41,41,41,41,41,41,41,41,41,GCAG,1996,0.3228"
"43",43,43,"42,42,42,42,42,42,42,42,42,42,42,42,42,42,42,42,42,42,GISTEMP,1996,0.35"
"44",44,44,"43,43,43,43,43,43,43,43,43,43,43,43,43,43,43,43,43,43,GCAG,1995,0.4577"
"45",45,45,"44,44,44,44,44,44,44,44,44,44,44,44,44,44,44,44,44,44,GISTEMP,1995,0.46"
"46",46,46,"45,45,45,45,45,45,45,45,45,45,45,45,45,45,45,45,45,45,GCAG,1994,0.3409"
"47",47,47,"46,46,46,46,46,46,46,46,46,46,46,46,46,46,46,46,46,46,GISTEMP,1994,0.32"
"48",48,48,"47,47,47,47,47,47,47,47,47,47,47,47,47,47,47,47,47,47,GCAG,1993,0.2853"
"49",49,49,"48,48,48,48,48,48,48,48,48,48,48,48,48,48,48,48,48,48,GISTEMP,1993,0.24"
"50",50,50,"49,49,49,49,49,49,49,49,49,49,49,49,49,49,49,49,49,49,GCAG,1992,0.2571"
"51",51,51,"50,50,50,50,50,50,50,50,50,50,50,50,50,50,50,50,50,50,GISTEMP,1992,0.23"
"52",52,52,"51,51,51,51,51,51,51,51,51,51,51,51,51,51,51,51,51,51,GCAG,1991,0.4055"
"53",53,53,"52,52,52,52,52,52,52,52,52,52,52,52,52,52,52,52,52,52,GISTEMP,1991,0.43"
"54",54,54,"53,53,53,53,53,53,53,53,53,53,53,53,53,53,53,53,53,53,GCAG,1990,0.4328"
"55",55,55,"54,54,54,54,54,54,54,54,54,54,54,54,54,54,54,54,54,54,GISTEMP,1990,0.44"
"56",56,56,"55,55,55,55,55,55,55,55,55,55,55,55,55,55,55,55,55,55,GCAG,1989,0.297"
"57",57,57,"56,56,56,56,56,56,56,56,56,56,56,56,56,56,56,56,56,56,GISTEMP,1989,0.29"
"58",58,58,"57,57,57,57,57,57,57,57,57,57,57,57,57,57,57,57,57,57,GCAG,1988,0.3757"
"59",59,59,"58,58,58,58,58,58,58,58,58,58,58,58,58,58,58,58,58,58,GISTEMP,1988,0.41"
"60",60,60,"59,59,59,59,59,59,59,59,59,59,59,59,59,59,59,59,59,59,GCAG,1987,0.3696"
"61",61,61,"60,60,60,60,60,60,60,60,60,60,60,60,60,60,60,60,60,60,GISTEMP,1987,0.33"
"62",62,62,"61,61,61,61,61,61,61,61,61,61,61,61,61,61,61,61,61,61,GCAG,1986,0.2296"
"63",63,63,"62,62,62,62,62,62,62,62,62,62,62,62,62,62,62,62,62,62,GISTEMP,1986,0.19"
"64",64,64,"63,63,63,63,63,63,63,63,63,63,63,63,63,63,63,63,63,63,GCAG,1985,0.1342"
"65",65,65,"64,64,64,64,64,64,64,64,64,64,64,64,64,64,64,64,64,64,GISTEMP,1985,0.12"
"66",66,66,"65,65,65,65,65,65,65,65,65,65,65,65,65,65,65,65,65,65,GCAG,1984,0.149"
"67",67,67,"66,66,66,66,66,66,66,66,66,66,66,66,66,66,66,66,66,66,GISTEMP,1984,0.15"
"68",68,68,"67,67,67,67,67,67,67,67,67,67,67,67,67,67,67,67,67,67,GCAG,1983,0.3411"
"69",69,69,"68,68,68,68,68,68,68,68,68,68,68,68,68,68,68,68,68,68,GISTEMP,1983,0.3"
"70",70,70,"69,69,69,69,69,69,69,69,69,69,69,69,69,69,69,69,69,69,GCAG,1982,0.1815"
"71",71,71,"70,70,70,70,70,70,70,70,70,70,70,70,70,70,70,70,70,70,GISTEMP,1982,0.13"
"72",72,72,"71,71,71,71,71,71,71,71,71,71,71,71,71,71,71,71,71,71,GCAG,1981,0.2999"
"73",73,73,"72,72,72,72,72,72,72,72,72,72,72,72,72,72,72,72,72,72,GISTEMP,1981,0.33"
"74",74,74,"73,73,73,73,73,73,73,73,73,73,73,73,73,73,73,73,73,73,GCAG,1980,0.2637"
"75",75,75,"74,74,74,74,74,74,74,74,74,74,74,74,74,74,74,74,74,74,GISTEMP,1980,0.27"
"76",76,76,"75,75,75,75,75,75,75,75,75,75,75,75,75,75,75,75,75,75,GCAG,1979,0.2273"
"77",77,77,"76,76,76,76,76,76,76,76,76,76,76,76,76,76,76,76,76,76,GISTEMP,1979,0.17"
"78",78,78,"77,77,77,77,77,77,77,77,77,77,77,77,77,77,77,77,77,77,GCAG,1978,0.1123"
"79",79,79,"78,78,78,78,78,78,78,78,78,78,78,78,78,78,78,78,78,78,GISTEMP,1978,0.07"
"80",80,80,"79,79,79,79,79,79,79,79,79,79,79,79,79,79,79,79,79,79,GCAG,1977,0.1978"
"81",81,81,"80,80,80,80,80,80,80,80,80,80,80,80,80,80,80,80,80,80,GISTEMP,1977,0.18"
"82",82,82,"81,81,81,81,81,81,81,81,81,81,81,81,81,81,81,81,81,81,GCAG,1976,-0.0792"
"83",83,83,"82,82,82,82,82,82,82,82,82,82,82,82,82,82,82,82,82,82,GISTEMP,1976,-0.11"
"84",84,84,"83,83,83,83,83,83,83,83,83,83,83,83,83,83,83,83,83,83,GCAG,1975,0.0034"
"85",85,85,"84,84,84,84,84,84,84,84,84,84,84,84,84,84,84,84,84,84,GISTEMP,1975,-0.02"
"86",86,86,"85,85,85,85,85,85,85,85,85,85,85,85,85,85,85,85,85,85,GCAG,1974,-0.0719"
"87",87,87,"86,86,86,86,86,86,86,86,86,86,86,86,86,86,86,86,86,86,GISTEMP,1974,-0.07"
"88",88,88,"87,87,87,87,87,87,87,87,87,87,87,87,87,87,87,87,87,87,GCAG,1973,0.1641"
"89",89,89,"88,88,88,88,88,88,88,88,88,88,88,88,88,88,88,88,88,88,GISTEMP,1973,0.15"
"90",90,90,"89,89,89,89,89,89,89,89,89,89,89,89,89,89,89,89,89,89,GCAG,1972,0.0264"
"91",91,91,"90,90,90,90,90,90,90,90,90,90,90,90,90,90,90,90,90,90,GISTEMP,1972,0.01"
"92",92,92,"91,91,91,91,91,91,91,91,91,91,91,91,91,91,91,91,91,91,GCAG,1971,-0.0783"
"93",93,93,"92,92,92,92,92,92,92,92,92,92,92,92,92,92,92,92,92,92,GISTEMP,1971,-0.09"
"94",94,94,"93,93,93,93,93,93,93,93,93,93,93,93,93,93,93,93,93,93,GCAG,1970,0.0372"
"95",95,95,"94,94,94,94,94,94,94,94,94,94,94,94,94,94,94,94,94,94,GISTEMP,1970,0.02"
"96",96,96,"95,95,95,95,95,95,95,95,95,95,95,95,95,95,95,95,95,95,GCAG,1969,0.0929"
"97",97,97,"96,96,96,96,96,96,96,96,96,96,96,96,96,96,96,96,96,96,GISTEMP,1969,0.07"
"98",98,98,"97,97,97,97,97,97,97,97,97,97,97,97,97,97,97,97,97,97,GCAG,1968,-0.0296"
"99",99,99,"98,98,98,98,98,98,98,98,98,98,98,98,98,98,98,98,98,98,GISTEMP,1968,-0.07"
"100",100,100,"99,99,99,99,99,99,99,99,99,99,99,99,99,99,99,99,99,99,GCAG,1967,-0.0131"
"101",101,101,"100,100,100,100,100,100,100,100,100,100,100,100,100,100,100,100,100,100,GISTEMP,1967,-0.02"
"102",102,102,"101,101,101,101,101,101,101,101,101,101,101,101,101,101,101,101,101,101,GCAG,1966,-0.0227"
"103",103,103,"102,102,102,102,102,102,102,102,102,102,102,102,102,102,102,102,102,102,GISTEMP,1966,-0.05"
"104",104,104,"103,103,103,103,103,103,103,103,103,103,103,103,103,103,103,103,103,103,GCAG,1965,-0.078"
"105",105,105,"104,104,104,104,104,104,104,104,104,104,104,104,104,104,104,104,104,104,GISTEMP,1965,-0.1"
"106",106,106,"105,105,105,105,105,105,105,105,105,105,105,105,105,105,105,105,105,105,GCAG,1964,-0.1495"
"107",107,107,"106,106,106,106,106,106,106,106,106,106,106,106,106,106,106,106,106,106,GISTEMP,1964,-0.2"
"108",108,108,"107,107,107,107,107,107,107,107,107,107,107,107,107,107,107,107,107,107,GCAG,1963,0.1068"
"109",109,109,"108,108,108,108,108,108,108,108,108,108,108,108,108,108,108,108,108,108,GISTEMP,1963,0.06"
"110",110,110,"109,109,109,109,109,109,109,109,109,109,109,109,109,109,109,109,109,109,GCAG,1962,0.0888"
"111",111,111,"110,110,110,110,110,110,110,110,110,110,110,110,110,110,110,110,110,110,GISTEMP,1962,0.03"
"112",112,112,"111,111,111,111,111,111,111,111,111,111,111,111,111,111,111,111,111,111,GCAG,1961,0.0775"
"113",113,113,"112,112,112,112,112,112,112,112,112,112,112,112,112,112,112,112,112,112,GISTEMP,1961,0.05"
"114",114,114,"113,113,113,113,113,113,113,113,113,113,113,113,113,113,113,113,113,113,GCAG,1960,0.0204"
"115",115,115,"114,114,114,114,114,114,114,114,114,114,114,114,114,114,114,114,114,114,GISTEMP,1960,-0.02"
"116",116,116,"115,115,115,115,115,115,115,115,115,115,115,115,115,115,115,115,115,115,GCAG,1959,0.0596"
"117",117,117,"116,116,116,116,116,116,116,116,116,116,116,116,116,116,116,116,116,116,GISTEMP,1959,0.03"
"118",118,118,"117,117,117,117,117,117,117,117,117,117,117,117,117,117,117,117,117,117,GCAG,1958,0.1095"
"119",119,119,"118,118,118,118,118,118,118,118,118,118,118,118,118,118,118,118,118,118,GISTEMP,1958,0.07"
"120",120,120,"119,119,119,119,119,119,119,119,119,119,119,119,119,119,119,119,119,119,GCAG,1957,0.0488"
"121",121,121,"120,120,120,120,120,120,120,120,120,120,120,120,120,120,120,120,120,120,GISTEMP,1957,0.04"
"122",122,122,"121,121,121,121,121,121,121,121,121,121,121,121,121,121,121,121,121,121,GCAG,1956,-0.199"
"123",123,123,"122,122,122,122,122,122,122,122,122,122,122,122,122,122,122,122,122,122,GISTEMP,1956,-0.2"
"124",124,124,"123,123,123,123,123,123,123,123,123,123,123,123,123,123,123,123,123,123,GCAG,1955,-0.1354"
"125",125,125,"124,124,124,124,124,124,124,124,124,124,124,124,124,124,124,124,124,124,GISTEMP,1955,-0.15"
"126",126,126,"125,125,125,125,125,125,125,125,125,125,125,125,125,125,125,125,125,125,GCAG,1954,-0.1165"
"127",127,127,"126,126,126,126,126,126,126,126,126,126,126,126,126,126,126,126,126,126,GISTEMP,1954,-0.13"
"128",128,128,"127,127,127,127,127,127,127,127,127,127,127,127,127,127,127,127,127,127,GCAG,1953,0.0952"
"129",129,129,"128,128,128,128,128,128,128,128,128,128,128,128,128,128,128,128,128,128,GISTEMP,1953,0.08"
"130",130,130,"129,129,129,129,129,129,129,129,129,129,129,129,129,129,129,129,129,129,GCAG,1952,0.0248"
"131",131,131,"130,130,130,130,130,130,130,130,130,130,130,130,130,130,130,130,130,130,GISTEMP,1952,0.01"
"132",132,132,"131,131,131,131,131,131,131,131,131,131,131,131,131,131,131,131,131,131,GCAG,1951,-0.0132"
"133",133,133,"132,132,132,132,132,132,132,132,132,132,132,132,132,132,132,132,132,132,GISTEMP,1951,-0.07"
"134",134,134,"133,133,133,133,133,133,133,133,133,133,133,133,133,133,133,133,133,133,GCAG,1950,-0.1616"
"135",135,135,"134,134,134,134,134,134,134,134,134,134,134,134,134,134,134,134,134,134,GISTEMP,1950,-0.18"
"136",136,136,"135,135,135,135,135,135,135,135,135,135,135,135,135,135,135,135,135,135,GCAG,1949,-0.0568"
"137",137,137,"136,136,136,136,136,136,136,136,136,136,136,136,136,136,136,136,136,136,GISTEMP,1949,-0.09"
"138",138,138,"137,137,137,137,137,137,137,137,137,137,137,137,137,137,137,137,137,137,GCAG,1948,-0.0487"
"139",139,139,"138,138,138,138,138,138,138,138,138,138,138,138,138,138,138,138,138,138,GISTEMP,1948,-0.09"
"140",140,140,"139,139,139,139,139,139,139,139,139,139,139,139,139,139,139,139,139,139,GCAG,1947,-0.0477"
"141",141,141,"140,140,140,140,140,140,140,140,140,140,140,140,140,140,140,140,140,140,GISTEMP,1947,-0.05"
"142",142,142,"141,141,141,141,141,141,141,141,141,141,141,141,141,141,141,141,141,141,GCAG,1946,-0.004"
"143",143,143,"142,142,142,142,142,142,142,142,142,142,142,142,142,142,142,142,142,142,GISTEMP,1946,-0.04"
"144",144,144,"143,143,143,143,143,143,143,143,143,143,143,143,143,143,143,143,143,143,GCAG,1945,0.171"
"145",145,145,"144,144,144,144,144,144,144,144,144,144,144,144,144,144,144,144,144,144,GISTEMP,1945,0.12"
"146",146,146,"145,145,145,145,145,145,145,145,145,145,145,145,145,145,145,145,145,145,GCAG,1944,0.2928"
"147",147,147,"146,146,146,146,146,146,146,146,146,146,146,146,146,146,146,146,146,146,GISTEMP,1944,0.25"
"148",148,148,"147,147,147,147,147,147,147,147,147,147,147,147,147,147,147,147,147,147,GCAG,1943,0.157"
"149",149,149,"148,148,148,148,148,148,148,148,148,148,148,148,148,148,148,148,148,148,GISTEMP,1943,0.13"
"150",150,150,"149,149,149,149,149,149,149,149,149,149,149,149,149,149,149,149,149,149,GCAG,1942,0.1538"
"151",151,151,"150,150,150,150,150,150,150,150,150,150,150,150,150,150,150,150,150,150,GISTEMP,1942,0.09"
"152",152,152,"151,151,151,151,151,151,151,151,151,151,151,151,151,151,151,151,151,151,GCAG,1941,0.196"
"153",153,153,"152,152,152,152,152,152,152,152,152,152,152,152,152,152,152,152,152,152,GISTEMP,1941,0.12"
"154",154,154,"153,153,153,153,153,153,153,153,153,153,153,153,153,153,153,153,153,153,GCAG,1940,0.0947"
"155",155,155,"154,154,154,154,154,154,154,154,154,154,154,154,154,154,154,154,154,154,GISTEMP,1940,0.08"
"156",156,156,"155,155,155,155,155,155,155,155,155,155,155,155,155,155,155,155,155,155,GCAG,1939,-0.0139"
"157",157,157,"156,156,156,156,156,156,156,156,156,156,156,156,156,156,156,156,156,156,GISTEMP,1939,-0.03"
"158",158,158,"157,157,157,157,157,157,157,157,157,157,157,157,157,157,157,157,157,157,GCAG,1938,-0.0288"
"159",159,159,"158,158,158,158,158,158,158,158,158,158,158,158,158,158,158,158,158,158,GISTEMP,1938,-0.03"
"160",160,160,"159,159,159,159,159,159,159,159,159,159,159,159,159,159,159,159,159,159,GCAG,1937,-0.0157"
"161",161,161,"160,160,160,160,160,160,160,160,160,160,160,160,160,160,160,160,160,160,GISTEMP,1937,-0.03"
"162",162,162,"161,161,161,161,161,161,161,161,161,161,161,161,161,161,161,161,161,161,GCAG,1936,-0.1134"
"163",163,163,"162,162,162,162,162,162,162,162,162,162,162,162,162,162,162,162,162,162,GISTEMP,1936,-0.15"
"164",164,164,"163,163,163,163,163,163,163,163,163,163,163,163,163,163,163,163,163,163,GCAG,1935,-0.1392"
"165",165,165,"164,164,164,164,164,164,164,164,164,164,164,164,164,164,164,164,164,164,GISTEMP,1935,-0.2"
"166",166,166,"165,165,165,165,165,165,165,165,165,165,165,165,165,165,165,165,165,165,GCAG,1934,-0.1015"
"167",167,167,"166,166,166,166,166,166,166,166,166,166,166,166,166,166,166,166,166,166,GISTEMP,1934,-0.14"
"168",168,168,"167,167,167,167,167,167,167,167,167,167,167,167,167,167,167,167,167,167,GCAG,1933,-0.2439"
"169",169,169,"168,168,168,168,168,168,168,168,168,168,168,168,168,168,168,168,168,168,GISTEMP,1933,-0.29"
"170",170,170,"169,169,169,169,169,169,169,169,169,169,169,169,169,169,169,169,169,169,GCAG,1932,-0.1168"
"171",171,171,"170,170,170,170,170,170,170,170,170,170,170,170,170,170,170,170,170,170,GISTEMP,1932,-0.17"
"172",172,172,"171,171,171,171,171,171,171,171,171,171,171,171,171,171,171,171,171,171,GCAG,1931,-0.0686"
"173",173,173,"172,172,172,172,172,172,172,172,172,172,172,172,172,172,172,172,172,172,GISTEMP,1931,-0.09"
"174",174,174,"173,173,173,173,173,173,173,173,173,173,173,173,173,173,173,173,173,173,GCAG,1930,-0.1003"
"175",175,175,"174,174,174,174,174,174,174,174,174,174,174,174,174,174,174,174,174,174,GISTEMP,1930,-0.15"
"176",176,176,"175,175,175,175,175,175,175,175,175,175,175,175,175,175,175,175,175,175,GCAG,1929,-0.2985"
"177",177,177,"176,176,176,176,176,176,176,176,176,176,176,176,176,176,176,176,176,176,GISTEMP,1929,-0.36"
"178",178,178,"177,177,177,177,177,177,177,177,177,177,177,177,177,177,177,177,177,177,GCAG,1928,-0.1774"
"179",179,179,"178,178,178,178,178,178,178,178,178,178,178,178,178,178,178,178,178,178,GISTEMP,1928,-0.21"
"180",180,180,"179,179,179,179,179,179,179,179,179,179,179,179,179,179,179,179,179,179,GCAG,1927,-0.1546"
"181",181,181,"180,180,180,180,180,180,180,180,180,180,180,180,180,180,180,180,180,180,GISTEMP,1927,-0.21"
"182",182,182,"181,181,181,181,181,181,181,181,181,181,181,181,181,181,181,181,181,181,GCAG,1926,-0.0667"
"183",183,183,"182,182,182,182,182,182,182,182,182,182,182,182,182,182,182,182,182,182,GISTEMP,1926,-0.1"
"184",184,184,"183,183,183,183,183,183,183,183,183,183,183,183,183,183,183,183,183,183,GCAG,1925,-0.1481"
"185",185,185,"184,184,184,184,184,184,184,184,184,184,184,184,184,184,184,184,184,184,GISTEMP,1925,-0.21"
"186",186,186,"185,185,185,185,185,185,185,185,185,185,185,185,185,185,185,185,185,185,GCAG,1924,-0.2486"
"187",187,187,"186,186,186,186,186,186,186,186,186,186,186,186,186,186,186,186,186,186,GISTEMP,1924,-0.28"
"188",188,188,"187,187,187,187,187,187,187,187,187,187,187,187,187,187,187,187,187,187,GCAG,1923,-0.2156"
"189",189,189,"188,188,188,188,188,188,188,188,188,188,188,188,188,188,188,188,188,188,GISTEMP,1923,-0.24"
"190",190,190,"189,189,189,189,189,189,189,189,189,189,189,189,189,189,189,189,189,189,GCAG,1922,-0.2304"
"191",191,191,"190,190,190,190,190,190,190,190,190,190,190,190,190,190,190,190,190,190,GISTEMP,1922,-0.28"
"192",192,192,"191,191,191,191,191,191,191,191,191,191,191,191,191,191,191,191,191,191,GCAG,1921,-0.1485"
"193",193,193,"192,192,192,192,192,192,192,192,192,192,192,192,192,192,192,192,192,192,GISTEMP,1921,-0.21"
"194",194,194,"193,193,193,193,193,193,193,193,193,193,193,193,193,193,193,193,193,193,GCAG,1920,-0.2105"
"195",195,195,"194,194,194,194,194,194,194,194,194,194,194,194,194,194,194,194,194,194,GISTEMP,1920,-0.27"
"196",196,196,"195,195,195,195,195,195,195,195,195,195,195,195,195,195,195,195,195,195,GCAG,1919,-0.2055"
"197",197,197,"196,196,196,196,196,196,196,196,196,196,196,196,196,196,196,196,196,196,GISTEMP,1919,-0.22"
"198",198,198,"197,197,197,197,197,197,197,197,197,197,197,197,197,197,197,197,197,197,GCAG,1918,-0.2084"
"199",199,199,"198,198,198,198,198,198,198,198,198,198,198,198,198,198,198,198,198,198,GISTEMP,1918,-0.26"
"200",200,200,"199,199,199,199,199,199,199,199,199,199,199,199,199,199,199,199,199,199,GCAG,1917,-0.3146"
"201",201,201,"200,200,200,200,200,200,200,200,200,200,200,200,200,200,200,200,200,200,GISTEMP,1917,-0.4"
"202",202,202,"201,201,201,201,201,201,201,201,201,201,201,201,201,201,201,201,201,201,GCAG,1916,-0.293"
"203",203,203,"202,202,202,202,202,202,202,202,202,202,202,202,202,202,202,202,202,202,GISTEMP,1916,-0.34"
"204",204,204,"203,203,203,203,203,203,203,203,203,203,203,203,203,203,203,203,203,203,GCAG,1915,-0.0693"
"205",205,205,"204,204,204,204,204,204,204,204,204,204,204,204,204,204,204,204,204,204,GISTEMP,1915,-0.11"
"206",206,206,"205,205,205,205,205,205,205,205,205,205,205,205,205,205,205,205,205,205,GCAG,1914,-0.1395"
"207",207,207,"206,206,206,206,206,206,206,206,206,206,206,206,206,206,206,206,206,206,GISTEMP,1914,-0.16"
"208",208,208,"207,207,207,207,207,207,207,207,207,207,207,207,207,207,207,207,207,207,GCAG,1913,-0.3162"
"209",209,209,"208,208,208,208,208,208,208,208,208,208,208,208,208,208,208,208,208,208,GISTEMP,1913,-0.34"
"210",210,210,"209,209,209,209,209,209,209,209,209,209,209,209,209,209,209,209,209,209,GCAG,1912,-0.3288"
"211",211,211,"210,210,210,210,210,210,210,210,210,210,210,210,210,210,210,210,210,210,GISTEMP,1912,-0.35"
"212",212,212,"211,211,211,211,211,211,211,211,211,211,211,211,211,211,211,211,211,211,GCAG,1911,-0.4332"
"213",213,213,"212,212,212,212,212,212,212,212,212,212,212,212,212,212,212,212,212,212,GISTEMP,1911,-0.44"
"214",214,214,"213,213,213,213,213,213,213,213,213,213,213,213,213,213,213,213,213,213,GCAG,1910,-0.3789"
"215",215,215,"214,214,214,214,214,214,214,214,214,214,214,214,214,214,214,214,214,214,GISTEMP,1910,-0.42"
"216",216,216,"215,215,215,215,215,215,215,215,215,215,215,215,215,215,215,215,215,215,GCAG,1909,-0.4261"
"217",217,217,"216,216,216,216,216,216,216,216,216,216,216,216,216,216,216,216,216,216,GISTEMP,1909,-0.47"
"218",218,218,"217,217,217,217,217,217,217,217,217,217,217,217,217,217,217,217,217,217,GCAG,1908,-0.4396"
"219",219,219,"218,218,218,218,218,218,218,218,218,218,218,218,218,218,218,218,218,218,GISTEMP,1908,-0.43"
"220",220,220,"219,219,219,219,219,219,219,219,219,219,219,219,219,219,219,219,219,219,GCAG,1907,-0.3706"
"221",221,221,"220,220,220,220,220,220,220,220,220,220,220,220,220,220,220,220,220,220,GISTEMP,1907,-0.4"
"222",222,222,"221,221,221,221,221,221,221,221,221,221,221,221,221,221,221,221,221,221,GCAG,1906,-0.2174"
"223",223,223,"222,222,222,222,222,222,222,222,222,222,222,222,222,222,222,222,222,222,GISTEMP,1906,-0.23"
"224",224,224,"223,223,223,223,223,223,223,223,223,223,223,223,223,223,223,223,223,223,GCAG,1905,-0.2931"
"225",225,225,"224,224,224,224,224,224,224,224,224,224,224,224,224,224,224,224,224,224,GISTEMP,1905,-0.28"
"226",226,226,"225,225,225,225,225,225,225,225,225,225,225,225,225,225,225,225,225,225,GCAG,1904,-0.4194"
"227",227,227,"226,226,226,226,226,226,226,226,226,226,226,226,226,226,226,226,226,226,GISTEMP,1904,-0.44"
"228",228,228,"227,227,227,227,227,227,227,227,227,227,227,227,227,227,227,227,227,227,GCAG,1903,-0.3369"
"229",229,229,"228,228,228,228,228,228,228,228,228,228,228,228,228,228,228,228,228,228,GISTEMP,1903,-0.35"
"230",230,230,"229,229,229,229,229,229,229,229,229,229,229,229,229,229,229,229,229,229,GCAG,1902,-0.2463"
"231",231,231,"230,230,230,230,230,230,230,230,230,230,230,230,230,230,230,230,230,230,GISTEMP,1902,-0.27"
"232",232,232,"231,231,231,231,231,231,231,231,231,231,231,231,231,231,231,231,231,231,GCAG,1901,-0.1417"
"233",233,233,"232,232,232,232,232,232,232,232,232,232,232,232,232,232,232,232,232,232,GISTEMP,1901,-0.15"
"234",234,234,"233,233,233,233,233,233,233,233,233,233,233,233,233,233,233,233,233,233,GCAG,1900,-0.0679"
"235",235,235,"234,234,234,234,234,234,234,234,234,234,234,234,234,234,234,234,234,234,GISTEMP,1900,-0.09"
"236",236,236,"235,235,235,235,235,235,235,235,235,235,235,235,235,235,235,235,235,235,GCAG,1899,-0.1173"
"237",237,237,"236,236,236,236,236,236,236,236,236,236,236,236,236,236,236,236,236,236,GISTEMP,1899,-0.16"
"238",238,238,"237,237,237,237,237,237,237,237,237,237,237,237,237,237,237,237,237,237,GCAG,1898,-0.2546"
"239",239,239,"238,238,238,238,238,238,238,238,238,238,238,238,238,238,238,238,238,238,GISTEMP,1898,-0.28"
"240",240,240,"239,239,239,239,239,239,239,239,239,239,239,239,239,239,239,239,239,239,GCAG,1897,-0.1224"
"241",241,241,"240,240,240,240,240,240,240,240,240,240,240,240,240,240,240,240,240,240,GISTEMP,1897,-0.11"
"242",242,242,"241,241,241,241,241,241,241,241,241,241,241,241,241,241,241,241,241,241,GCAG,1896,-0.0974"
"243",243,243,"242,242,242,242,242,242,242,242,242,242,242,242,242,242,242,242,242,242,GISTEMP,1896,-0.15"
"244",244,244,"243,243,243,243,243,243,243,243,243,243,243,243,243,243,243,243,243,243,GCAG,1895,-0.229"
"245",245,245,"244,244,244,244,244,244,244,244,244,244,244,244,244,244,244,244,244,244,GISTEMP,1895,-0.21"
"246",246,246,"245,245,245,245,245,245,245,245,245,245,245,245,245,245,245,245,245,245,GCAG,1894,-0.2808"
"247",247,247,"246,246,246,246,246,246,246,246,246,246,246,246,246,246,246,246,246,246,GISTEMP,1894,-0.31"
"248",248,248,"247,247,247,247,247,247,247,247,247,247,247,247,247,247,247,247,247,247,GCAG,1893,-0.3212"
"249",249,249,"248,248,248,248,248,248,248,248,248,248,248,248,248,248,248,248,248,248,GISTEMP,1893,-0.3"
"250",250,250,"249,249,249,249,249,249,249,249,249,249,249,249,249,249,249,249,249,249,GCAG,1892,-0.3062"
"251",251,251,"250,250,250,250,250,250,250,250,250,250,250,250,250,250,250,250,250,250,GISTEMP,1892,-0.27"
"252",252,252,"251,251,251,251,251,251,251,251,251,251,251,251,251,251,251,251,251,251,GCAG,1891,-0.2532"
"253",253,253,"252,252,252,252,252,252,252,252,252,252,252,252,252,252,252,252,252,252,GISTEMP,1891,-0.24"
"254",254,254,"253,253,253,253,253,253,253,253,253,253,253,253,253,253,253,253,253,253,GCAG,1890,-0.322"
"255",255,255,"254,254,254,254,254,254,254,254,254,254,254,254,254,254,254,254,254,254,GISTEMP,1890,-0.37"
"256",256,256,"255,255,255,255,255,255,255,255,255,255,255,255,255,255,255,255,255,255,GCAG,1889,-0.0982"
"257",257,257,"256,256,256,256,256,256,256,256,256,256,256,256,256,256,256,256,256,256,GISTEMP,1889,-0.12"
"258",258,258,"257,257,257,257,257,257,257,257,257,257,257,257,257,257,257,257,257,257,GCAG,1888,-0.1471"
"259",259,259,"258,258,258,258,258,258,258,258,258,258,258,258,258,258,258,258,258,258,GISTEMP,1888,-0.2"
"260",260,260,"259,259,259,259,259,259,259,259,259,259,259,259,259,259,259,259,259,259,GCAG,1887,-0.2489"
"261",261,261,"260,260,260,260,260,260,260,260,260,260,260,260,260,260,260,260,260,260,GISTEMP,1887,-0.33"
"262",262,262,"261,261,261,261,261,261,261,261,261,261,261,261,261,261,261,261,261,261,GCAG,1886,-0.2003"
"263",263,263,"262,262,262,262,262,262,262,262,262,262,262,262,262,262,262,262,262,262,GISTEMP,1886,-0.31"
"264",264,264,"263,263,263,263,263,263,263,263,263,263,263,263,263,263,263,263,263,263,GCAG,1885,-0.2125"
"265",265,265,"264,264,264,264,264,264,264,264,264,264,264,264,264,264,264,264,264,264,GISTEMP,1885,-0.32"
"266",266,266,"265,265,265,265,265,265,265,265,265,265,265,265,265,265,265,265,265,265,GCAG,1884,-0.2009"
"267",267,267,"266,266,266,266,266,266,266,266,266,266,266,266,266,266,266,266,266,266,GISTEMP,1884,-0.28"
"268",268,268,"267,267,267,267,267,267,267,267,267,267,267,267,267,267,267,267,267,267,GCAG,1883,-0.1424"
"269",269,269,"268,268,268,268,268,268,268,268,268,268,268,268,268,268,268,268,268,268,GISTEMP,1883,-0.21"
"270",270,270,"269,269,269,269,269,269,269,269,269,269,269,269,269,269,269,269,269,269,GCAG,1882,-0.0648"
"271",271,271,"270,270,270,270,270,270,270,270,270,270,270,270,270,270,270,270,270,270,GISTEMP,1882,-0.1"
"272",272,272,"271,271,271,271,271,271,271,271,271,271,271,271,271,271,271,271,271,271,GCAG,1881,-0.0628"
"273",273,273,"272,272,272,272,272,272,272,272,272,272,272,272,272,272,272,272,272,272,GISTEMP,1881,-0.12"
"274",274,274,"273,273,273,273,273,273,273,273,273,273,273,273,273,273,273,273,273,273,GCAG,1880,-0.1148"
"275",275,275,"274,274,274,274,274,274,274,274,274,274,274,274,274,274,274,274,274,274,GISTEMP,1880,-0.2"
"276",276,276,"======="
"277",277,277,",...1,...2,...3,...4,...5,...6,...7,...8,...9,...10,...11,...12,...13,...14,...15,...16,...17,...18,...19,Source,Year,Mean"
"278",278,278,"1,1,1,1,1,1,1,1,1,1,1,1,1,1,1,1,1,1,1,1,GCAG,2016,0.9363"
"279",279,279,"2,2,2,2,2,2,2,2,2,2,2,2,2,2,2,2,2,2,2,2,GISTEMP,2016,0.99"
"280",280,280,"3,3,3,3,3,3,3,3,3,3,3,3,3,3,3,3,3,3,3,3,GCAG,2015,0.8998"
"281",281,281,"4,4,4,4,4,4,4,4,4,4,4,4,4,4,4,4,4,4,4,4,GISTEMP,2015,0.87"
"282",282,282,"5,5,5,5,5,5,5,5,5,5,5,5,5,5,5,5,5,5,5,5,GCAG,2014,0.7408"
"283",283,283,"6,6,6,6,6,6,6,6,6,6,6,6,6,6,6,6,6,6,6,6,GISTEMP,2014,0.74"
"284",284,284,"7,7,7,7,7,7,7,7,7,7,7,7,7,7,7,7,7,7,7,7,GCAG,2013,0.6679"
"285",285,285,"8,8,8,8,8,8,8,8,8,8,8,8,8,8,8,8,8,8,8,8,GISTEMP,2013,0.65"
"286",286,286,"9,9,9,9,9,9,9,9,9,9,9,9,9,9,9,9,9,9,9,9,GCAG,2012,0.624"
"287",287,287,"10,10,10,10,10,10,10,10,10,10,10,10,10,10,10,10,10,10,10,10,GISTEMP,2012,0.63"
"288",288,288,"11,11,11,11,11,11,11,11,11,11,11,11,11,11,11,11,11,11,11,11,GCAG,2011,0.5788"
"289",289,289,"12,12,12,12,12,12,12,12,12,12,12,12,12,12,12,12,12,12,12,12,GISTEMP,2011,0.6"
"290",290,290,"13,13,13,13,13,13,13,13,13,13,13,13,13,13,13,13,13,13,13,13,GCAG,2010,0.7014"
"291",291,291,"14,14,14,14,14,14,14,14,14,14,14,14,14,14,14,14,14,14,14,14,GISTEMP,2010,0.71"
"292",292,292,"15,15,15,15,15,15,15,15,15,15,15,15,15,15,15,15,15,15,15,15,GCAG,2009,0.6367"
"293",293,293,"16,16,16,16,16,16,16,16,16,16,16,16,16,16,16,16,16,16,16,16,GISTEMP,2009,0.64"
"294",294,294,"17,17,17,17,17,17,17,17,17,17,17,17,17,17,17,17,17,17,17,17,GCAG,2008,0.5419"
"295",295,295,"18,18,18,18,18,18,18,18,18,18,18,18,18,18,18,18,18,18,18,18,GISTEMP,2008,0.54"
"296",296,296,"19,19,19,19,19,19,19,19,19,19,19,19,19,19,19,19,19,19,19,19,GCAG,2007,0.61"
"297",297,297,"20,20,20,20,20,20,20,20,20,20,20,20,20,20,20,20,20,20,20,20,GISTEMP,2007,0.66"
"298",298,298,"21,21,21,21,21,21,21,21,21,21,21,21,21,21,21,21,21,21,21,21,GCAG,2006,0.6125"
"299",299,299,"22,22,22,22,22,22,22,22,22,22,22,22,22,22,22,22,22,22,22,22,GISTEMP,2006,0.63"
"300",300,300,"23,23,23,23,23,23,23,23,23,23,23,23,23,23,23,23,23,23,23,23,GCAG,2005,0.6585"
"301",301,301,"24,24,24,24,24,24,24,24,24,24,24,24,24,24,24,24,24,24,24,24,GISTEMP,2005,0.69"
"302",302,302,"25,25,25,25,25,25,25,25,25,25,25,25,25,25,25,25,25,25,25,25,GCAG,2004,0.5783"
"303",303,303,"26,26,26,26,26,26,26,26,26,26,26,26,26,26,26,26,26,26,26,26,GISTEMP,2004,0.55"
"304",304,304,"27,27,27,27,27,27,27,27,27,27,27,27,27,27,27,27,27,27,27,27,GCAG,2003,0.6134"
"305",305,305,"28,28,28,28,28,28,28,28,28,28,28,28,28,28,28,28,28,28,28,28,GISTEMP,2003,0.62"
"306",306,306,"29,29,29,29,29,29,29,29,29,29,29,29,29,29,29,29,29,29,29,29,GCAG,2002,0.6023"
"307",307,307,"30,30,30,30,30,30,30,30,30,30,30,30,30,30,30,30,30,30,30,30,GISTEMP,2002,0.63"
"308",308,308,"31,31,31,31,31,31,31,31,31,31,31,31,31,31,31,31,31,31,31,31,GCAG,2001,0.5473"
"309",309,309,"32,32,32,32,32,32,32,32,32,32,32,32,32,32,32,32,32,32,32,32,GISTEMP,2001,0.55"
"310",310,310,"33,33,33,33,33,33,33,33,33,33,33,33,33,33,33,33,33,33,33,33,GCAG,2000,0.4262"
"311",311,311,"34,34,34,34,34,34,34,34,34,34,34,34,34,34,34,34,34,34,34,34,GISTEMP,2000,0.42"
"312",312,312,"35,35,35,35,35,35,35,35,35,35,35,35,35,35,35,35,35,35,35,35,GCAG,1999,0.4438"
"313",313,313,"36,36,36,36,36,36,36,36,36,36,36,36,36,36,36,36,36,36,36,36,GISTEMP,1999,0.42"
"314",314,314,"37,37,37,37,37,37,37,37,37,37,37,37,37,37,37,37,37,37,37,37,GCAG,1998,0.6344"
"315",315,315,"38,38,38,38,38,38,38,38,38,38,38,38,38,38,38,38,38,38,38,38,GISTEMP,1998,0.64"
"316",316,316,"39,39,39,39,39,39,39,39,39,39,39,39,39,39,39,39,39,39,39,39,GCAG,1997,0.5187"
"317",317,317,"40,40,40,40,40,40,40,40,40,40,40,40,40,40,40,40,40,40,40,40,GISTEMP,1997,0.48"
"318",318,318,"41,41,41,41,41,41,41,41,41,41,41,41,41,41,41,41,41,41,41,41,GCAG,1996,0.3228"
"319",319,319,"42,42,42,42,42,42,42,42,42,42,42,42,42,42,42,42,42,42,42,42,GISTEMP,1996,0.35"
"320",320,320,"43,43,43,43,43,43,43,43,43,43,43,43,43,43,43,43,43,43,43,43,GCAG,1995,0.4577"
"321",321,321,"44,44,44,44,44,44,44,44,44,44,44,44,44,44,44,44,44,44,44,44,GISTEMP,1995,0.46"
"322",322,322,"45,45,45,45,45,45,45,45,45,45,45,45,45,45,45,45,45,45,45,45,GCAG,1994,0.3409"
"323",323,323,"46,46,46,46,46,46,46,46,46,46,46,46,46,46,46,46,46,46,46,46,GISTEMP,1994,0.32"
"324",324,324,"47,47,47,47,47,47,47,47,47,47,47,47,47,47,47,47,47,47,47,47,GCAG,1993,0.2853"
"325",325,325,"48,48,48,48,48,48,48,48,48,48,48,48,48,48,48,48,48,48,48,48,GISTEMP,1993,0.24"
"326",326,326,"49,49,49,49,49,49,49,49,49,49,49,49,49,49,49,49,49,49,49,49,GCAG,1992,0.2571"
"327",327,327,"50,50,50,50,50,50,50,50,50,50,50,50,50,50,50,50,50,50,50,50,GISTEMP,1992,0.23"
"328",328,328,"51,51,51,51,51,51,51,51,51,51,51,51,51,51,51,51,51,51,51,51,GCAG,1991,0.4055"
"329",329,329,"52,52,52,52,52,52,52,52,52,52,52,52,52,52,52,52,52,52,52,52,GISTEMP,1991,0.43"
"330",330,330,"53,53,53,53,53,53,53,53,53,53,53,53,53,53,53,53,53,53,53,53,GCAG,1990,0.4328"
"331",331,331,"54,54,54,54,54,54,54,54,54,54,54,54,54,54,54,54,54,54,54,54,GISTEMP,1990,0.44"
"332",332,332,"55,55,55,55,55,55,55,55,55,55,55,55,55,55,55,55,55,55,55,55,GCAG,1989,0.297"
"333",333,333,"56,56,56,56,56,56,56,56,56,56,56,56,56,56,56,56,56,56,56,56,GISTEMP,1989,0.29"
"334",334,334,"57,57,57,57,57,57,57,57,57,57,57,57,57,57,57,57,57,57,57,57,GCAG,1988,0.3757"
"335",335,335,"58,58,58,58,58,58,58,58,58,58,58,58,58,58,58,58,58,58,58,58,GISTEMP,1988,0.41"
"336",336,336,"59,59,59,59,59,59,59,59,59,59,59,59,59,59,59,59,59,59,59,59,GCAG,1987,0.3696"
"337",337,337,"60,60,60,60,60,60,60,60,60,60,60,60,60,60,60,60,60,60,60,60,GISTEMP,1987,0.33"
"338",338,338,"61,61,61,61,61,61,61,61,61,61,61,61,61,61,61,61,61,61,61,61,GCAG,1986,0.2296"
"339",339,339,"62,62,62,62,62,62,62,62,62,62,62,62,62,62,62,62,62,62,62,62,GISTEMP,1986,0.19"
"340",340,340,"63,63,63,63,63,63,63,63,63,63,63,63,63,63,63,63,63,63,63,63,GCAG,1985,0.1342"
"341",341,341,"64,64,64,64,64,64,64,64,64,64,64,64,64,64,64,64,64,64,64,64,GISTEMP,1985,0.12"
"342",342,342,"65,65,65,65,65,65,65,65,65,65,65,65,65,65,65,65,65,65,65,65,GCAG,1984,0.149"
"343",343,343,"66,66,66,66,66,66,66,66,66,66,66,66,66,66,66,66,66,66,66,66,GISTEMP,1984,0.15"
"344",344,344,"67,67,67,67,67,67,67,67,67,67,67,67,67,67,67,67,67,67,67,67,GCAG,1983,0.3411"
"345",345,345,"68,68,68,68,68,68,68,68,68,68,68,68,68,68,68,68,68,68,68,68,GISTEMP,1983,0.3"
"346",346,346,"69,69,69,69,69,69,69,69,69,69,69,69,69,69,69,69,69,69,69,69,GCAG,1982,0.1815"
"347",347,347,"70,70,70,70,70,70,70,70,70,70,70,70,70,70,70,70,70,70,70,70,GISTEMP,1982,0.13"
"348",348,348,"71,71,71,71,71,71,71,71,71,71,71,71,71,71,71,71,71,71,71,71,GCAG,1981,0.2999"
"349",349,349,"72,72,72,72,72,72,72,72,72,72,72,72,72,72,72,72,72,72,72,72,GISTEMP,1981,0.33"
"350",350,350,"73,73,73,73,73,73,73,73,73,73,73,73,73,73,73,73,73,73,73,73,GCAG,1980,0.2637"
"351",351,351,"74,74,74,74,74,74,74,74,74,74,74,74,74,74,74,74,74,74,74,74,GISTEMP,1980,0.27"
"352",352,352,"75,75,75,75,75,75,75,75,75,75,75,75,75,75,75,75,75,75,75,75,GCAG,1979,0.2273"
"353",353,353,"76,76,76,76,76,76,76,76,76,76,76,76,76,76,76,76,76,76,76,76,GISTEMP,1979,0.17"
"354",354,354,"77,77,77,77,77,77,77,77,77,77,77,77,77,77,77,77,77,77,77,77,GCAG,1978,0.1123"
"355",355,355,"78,78,78,78,78,78,78,78,78,78,78,78,78,78,78,78,78,78,78,78,GISTEMP,1978,0.07"
"356",356,356,"79,79,79,79,79,79,79,79,79,79,79,79,79,79,79,79,79,79,79,79,GCAG,1977,0.1978"
"357",357,357,"80,80,80,80,80,80,80,80,80,80,80,80,80,80,80,80,80,80,80,80,GISTEMP,1977,0.18"
"358",358,358,"81,81,81,81,81,81,81,81,81,81,81,81,81,81,81,81,81,81,81,81,GCAG,1976,-0.0792"
"359",359,359,"82,82,82,82,82,82,82,82,82,82,82,82,82,82,82,82,82,82,82,82,GISTEMP,1976,-0.11"
"360",360,360,"83,83,83,83,83,83,83,83,83,83,83,83,83,83,83,83,83,83,83,83,GCAG,1975,0.0034"
"361",361,361,"84,84,84,84,84,84,84,84,84,84,84,84,84,84,84,84,84,84,84,84,GISTEMP,1975,-0.02"
"362",362,362,"85,85,85,85,85,85,85,85,85,85,85,85,85,85,85,85,85,85,85,85,GCAG,1974,-0.0719"
"363",363,363,"86,86,86,86,86,86,86,86,86,86,86,86,86,86,86,86,86,86,86,86,GISTEMP,1974,-0.07"
"364",364,364,"87,87,87,87,87,87,87,87,87,87,87,87,87,87,87,87,87,87,87,87,GCAG,1973,0.1641"
"365",365,365,"88,88,88,88,88,88,88,88,88,88,88,88,88,88,88,88,88,88,88,88,GISTEMP,1973,0.15"
"366",366,366,"89,89,89,89,89,89,89,89,89,89,89,89,89,89,89,89,89,89,89,89,GCAG,1972,0.0264"
"367",367,367,"90,90,90,90,90,90,90,90,90,90,90,90,90,90,90,90,90,90,90,90,GISTEMP,1972,0.01"
"368",368,368,"91,91,91,91,91,91,91,91,91,91,91,91,91,91,91,91,91,91,91,91,GCAG,1971,-0.0783"
"369",369,369,"92,92,92,92,92,92,92,92,92,92,92,92,92,92,92,92,92,92,92,92,GISTEMP,1971,-0.09"
"370",370,370,"93,93,93,93,93,93,93,93,93,93,93,93,93,93,93,93,93,93,93,93,GCAG,1970,0.0372"
"371",371,371,"94,94,94,94,94,94,94,94,94,94,94,94,94,94,94,94,94,94,94,94,GISTEMP,1970,0.02"
"372",372,372,"95,95,95,95,95,95,95,95,95,95,95,95,95,95,95,95,95,95,95,95,GCAG,1969,0.0929"
"373",373,373,"96,96,96,96,96,96,96,96,96,96,96,96,96,96,96,96,96,96,96,96,GISTEMP,1969,0.07"
"374",374,374,"97,97,97,97,97,97,97,97,97,97,97,97,97,97,97,97,97,97,97,97,GCAG,1968,-0.0296"
"375",375,375,"98,98,98,98,98,98,98,98,98,98,98,98,98,98,98,98,98,98,98,98,GISTEMP,1968,-0.07"
"376",376,376,"99,99,99,99,99,99,99,99,99,99,99,99,99,99,99,99,99,99,99,99,GCAG,1967,-0.0131"
"377",377,377,"100,100,100,100,100,100,100,100,100,100,100,100,100,100,100,100,100,100,100,100,GISTEMP,1967,-0.02"
"378",378,378,"101,101,101,101,101,101,101,101,101,101,101,101,101,101,101,101,101,101,101,101,GCAG,1966,-0.0227"
"379",379,379,"102,102,102,102,102,102,102,102,102,102,102,102,102,102,102,102,102,102,102,102,GISTEMP,1966,-0.05"
"380",380,380,"103,103,103,103,103,103,103,103,103,103,103,103,103,103,103,103,103,103,103,103,GCAG,1965,-0.078"
"381",381,381,"104,104,104,104,104,104,104,104,104,104,104,104,104,104,104,104,104,104,104,104,GISTEMP,1965,-0.1"
"382",382,382,"105,105,105,105,105,105,105,105,105,105,105,105,105,105,105,105,105,105,105,105,GCAG,1964,-0.1495"
"383",383,383,"106,106,106,106,106,106,106,106,106,106,106,106,106,106,106,106,106,106,106,106,GISTEMP,1964,-0.2"
"384",384,384,"107,107,107,107,107,107,107,107,107,107,107,107,107,107,107,107,107,107,107,107,GCAG,1963,0.1068"
"385",385,385,"108,108,108,108,108,108,108,108,108,108,108,108,108,108,108,108,108,108,108,108,GISTEMP,1963,0.06"
"386",386,386,"109,109,109,109,109,109,109,109,109,109,109,109,109,109,109,109,109,109,109,109,GCAG,1962,0.0888"
"387",387,387,"110,110,110,110,110,110,110,110,110,110,110,110,110,110,110,110,110,110,110,110,GISTEMP,1962,0.03"
"388",388,388,"111,111,111,111,111,111,111,111,111,111,111,111,111,111,111,111,111,111,111,111,GCAG,1961,0.0775"
"389",389,389,"112,112,112,112,112,112,112,112,112,112,112,112,112,112,112,112,112,112,112,112,GISTEMP,1961,0.05"
"390",390,390,"113,113,113,113,113,113,113,113,113,113,113,113,113,113,113,113,113,113,113,113,GCAG,1960,0.0204"
"391",391,391,"114,114,114,114,114,114,114,114,114,114,114,114,114,114,114,114,114,114,114,114,GISTEMP,1960,-0.02"
"392",392,392,"115,115,115,115,115,115,115,115,115,115,115,115,115,115,115,115,115,115,115,115,GCAG,1959,0.0596"
"393",393,393,"116,116,116,116,116,116,116,116,116,116,116,116,116,116,116,116,116,116,116,116,GISTEMP,1959,0.03"
"394",394,394,"117,117,117,117,117,117,117,117,117,117,117,117,117,117,117,117,117,117,117,117,GCAG,1958,0.1095"
"395",395,395,"118,118,118,118,118,118,118,118,118,118,118,118,118,118,118,118,118,118,118,118,GISTEMP,1958,0.07"
"396",396,396,"119,119,119,119,119,119,119,119,119,119,119,119,119,119,119,119,119,119,119,119,GCAG,1957,0.0488"
"397",397,397,"120,120,120,120,120,120,120,120,120,120,120,120,120,120,120,120,120,120,120,120,GISTEMP,1957,0.04"
"398",398,398,"121,121,121,121,121,121,121,121,121,121,121,121,121,121,121,121,121,121,121,121,GCAG,1956,-0.199"
"399",399,399,"122,122,122,122,122,122,122,122,122,122,122,122,122,122,122,122,122,122,122,122,GISTEMP,1956,-0.2"
"400",400,400,"123,123,123,123,123,123,123,123,123,123,123,123,123,123,123,123,123,123,123,123,GCAG,1955,-0.1354"
"401",401,401,"124,124,124,124,124,124,124,124,124,124,124,124,124,124,124,124,124,124,124,124,GISTEMP,1955,-0.15"
"402",402,402,"125,125,125,125,125,125,125,125,125,125,125,125,125,125,125,125,125,125,125,125,GCAG,1954,-0.1165"
"403",403,403,"126,126,126,126,126,126,126,126,126,126,126,126,126,126,126,126,126,126,126,126,GISTEMP,1954,-0.13"
"404",404,404,"127,127,127,127,127,127,127,127,127,127,127,127,127,127,127,127,127,127,127,127,GCAG,1953,0.0952"
"405",405,405,"128,128,128,128,128,128,128,128,128,128,128,128,128,128,128,128,128,128,128,128,GISTEMP,1953,0.08"
"406",406,406,"129,129,129,129,129,129,129,129,129,129,129,129,129,129,129,129,129,129,129,129,GCAG,1952,0.0248"
"407",407,407,"130,130,130,130,130,130,130,130,130,130,130,130,130,130,130,130,130,130,130,130,GISTEMP,1952,0.01"
"408",408,408,"131,131,131,131,131,131,131,131,131,131,131,131,131,131,131,131,131,131,131,131,GCAG,1951,-0.0132"
"409",409,409,"132,132,132,132,132,132,132,132,132,132,132,132,132,132,132,132,132,132,132,132,GISTEMP,1951,-0.07"
"410",410,410,"133,133,133,133,133,133,133,133,133,133,133,133,133,133,133,133,133,133,133,133,GCAG,1950,-0.1616"
"411",411,411,"134,134,134,134,134,134,134,134,134,134,134,134,134,134,134,134,134,134,134,134,GISTEMP,1950,-0.18"
"412",412,412,"135,135,135,135,135,135,135,135,135,135,135,135,135,135,135,135,135,135,135,135,GCAG,1949,-0.0568"
"413",413,413,"136,136,136,136,136,136,136,136,136,136,136,136,136,136,136,136,136,136,136,136,GISTEMP,1949,-0.09"
"414",414,414,"137,137,137,137,137,137,137,137,137,137,137,137,137,137,137,137,137,137,137,137,GCAG,1948,-0.0487"
"415",415,415,"138,138,138,138,138,138,138,138,138,138,138,138,138,138,138,138,138,138,138,138,GISTEMP,1948,-0.09"
"416",416,416,"139,139,139,139,139,139,139,139,139,139,139,139,139,139,139,139,139,139,139,139,GCAG,1947,-0.0477"
"417",417,417,"140,140,140,140,140,140,140,140,140,140,140,140,140,140,140,140,140,140,140,140,GISTEMP,1947,-0.05"
"418",418,418,"141,141,141,141,141,141,141,141,141,141,141,141,141,141,141,141,141,141,141,141,GCAG,1946,-0.004"
"419",419,419,"142,142,142,142,142,142,142,142,142,142,142,142,142,142,142,142,142,142,142,142,GISTEMP,1946,-0.04"
"420",420,420,"143,143,143,143,143,143,143,143,143,143,143,143,143,143,143,143,143,143,143,143,GCAG,1945,0.171"
"421",421,421,"144,144,144,144,144,144,144,144,144,144,144,144,144,144,144,144,144,144,144,144,GISTEMP,1945,0.12"
"422",422,422,"145,145,145,145,145,145,145,145,145,145,145,145,145,145,145,145,145,145,145,145,GCAG,1944,0.2928"
"423",423,423,"146,146,146,146,146,146,146,146,146,146,146,146,146,146,146,146,146,146,146,146,GISTEMP,1944,0.25"
"424",424,424,"147,147,147,147,147,147,147,147,147,147,147,147,147,147,147,147,147,147,147,147,GCAG,1943,0.157"
"425",425,425,"148,148,148,148,148,148,148,148,148,148,148,148,148,148,148,148,148,148,148,148,GISTEMP,1943,0.13"
"426",426,426,"149,149,149,149,149,149,149,149,149,149,149,149,149,149,149,149,149,149,149,149,GCAG,1942,0.1538"
"427",427,427,"150,150,150,150,150,150,150,150,150,150,150,150,150,150,150,150,150,150,150,150,GISTEMP,1942,0.09"
"428",428,428,"151,151,151,151,151,151,151,151,151,151,151,151,151,151,151,151,151,151,151,151,GCAG,1941,0.196"
"429",429,429,"152,152,152,152,152,152,152,152,152,152,152,152,152,152,152,152,152,152,152,152,GISTEMP,1941,0.12"
"430",430,430,"153,153,153,153,153,153,153,153,153,153,153,153,153,153,153,153,153,153,153,153,GCAG,1940,0.0947"
"431",431,431,"154,154,154,154,154,154,154,154,154,154,154,154,154,154,154,154,154,154,154,154,GISTEMP,1940,0.08"
"432",432,432,"155,155,155,155,155,155,155,155,155,155,155,155,155,155,155,155,155,155,155,155,GCAG,1939,-0.0139"
"433",433,433,"156,156,156,156,156,156,156,156,156,156,156,156,156,156,156,156,156,156,156,156,GISTEMP,1939,-0.03"
"434",434,434,"157,157,157,157,157,157,157,157,157,157,157,157,157,157,157,157,157,157,157,157,GCAG,1938,-0.0288"
"435",435,435,"158,158,158,158,158,158,158,158,158,158,158,158,158,158,158,158,158,158,158,158,GISTEMP,1938,-0.03"
"436",436,436,"159,159,159,159,159,159,159,159,159,159,159,159,159,159,159,159,159,159,159,159,GCAG,1937,-0.0157"
"437",437,437,"160,160,160,160,160,160,160,160,160,160,160,160,160,160,160,160,160,160,160,160,GISTEMP,1937,-0.03"
"438",438,438,"161,161,161,161,161,161,161,161,161,161,161,161,161,161,161,161,161,161,161,161,GCAG,1936,-0.1134"
"439",439,439,"162,162,162,162,162,162,162,162,162,162,162,162,162,162,162,162,162,162,162,162,GISTEMP,1936,-0.15"
"440",440,440,"163,163,163,163,163,163,163,163,163,163,163,163,163,163,163,163,163,163,163,163,GCAG,1935,-0.1392"
"441",441,441,"164,164,164,164,164,164,164,164,164,164,164,164,164,164,164,164,164,164,164,164,GISTEMP,1935,-0.2"
"442",442,442,"165,165,165,165,165,165,165,165,165,165,165,165,165,165,165,165,165,165,165,165,GCAG,1934,-0.1015"
"443",443,443,"166,166,166,166,166,166,166,166,166,166,166,166,166,166,166,166,166,166,166,166,GISTEMP,1934,-0.14"
"444",444,444,"167,167,167,167,167,167,167,167,167,167,167,167,167,167,167,167,167,167,167,167,GCAG,1933,-0.2439"
"445",445,445,"168,168,168,168,168,168,168,168,168,168,168,168,168,168,168,168,168,168,168,168,GISTEMP,1933,-0.29"
"446",446,446,"169,169,169,169,169,169,169,169,169,169,169,169,169,169,169,169,169,169,169,169,GCAG,1932,-0.1168"
"447",447,447,"170,170,170,170,170,170,170,170,170,170,170,170,170,170,170,170,170,170,170,170,GISTEMP,1932,-0.17"
"448",448,448,"171,171,171,171,171,171,171,171,171,171,171,171,171,171,171,171,171,171,171,171,GCAG,1931,-0.0686"
"449",449,449,"172,172,172,172,172,172,172,172,172,172,172,172,172,172,172,172,172,172,172,172,GISTEMP,1931,-0.09"
"450",450,450,"173,173,173,173,173,173,173,173,173,173,173,173,173,173,173,173,173,173,173,173,GCAG,1930,-0.1003"
"451",451,451,"174,174,174,174,174,174,174,174,174,174,174,174,174,174,174,174,174,174,174,174,GISTEMP,1930,-0.15"
"452",452,452,"175,175,175,175,175,175,175,175,175,175,175,175,175,175,175,175,175,175,175,175,GCAG,1929,-0.2985"
"453",453,453,"176,176,176,176,176,176,176,176,176,176,176,176,176,176,176,176,176,176,176,176,GISTEMP,1929,-0.36"
"454",454,454,"177,177,177,177,177,177,177,177,177,177,177,177,177,177,177,177,177,177,177,177,GCAG,1928,-0.1774"
"455",455,455,"178,178,178,178,178,178,178,178,178,178,178,178,178,178,178,178,178,178,178,178,GISTEMP,1928,-0.21"
"456",456,456,"179,179,179,179,179,179,179,179,179,179,179,179,179,179,179,179,179,179,179,179,GCAG,1927,-0.1546"
"457",457,457,"180,180,180,180,180,180,180,180,180,180,180,180,180,180,180,180,180,180,180,180,GISTEMP,1927,-0.21"
"458",458,458,"181,181,181,181,181,181,181,181,181,181,181,181,181,181,181,181,181,181,181,181,GCAG,1926,-0.0667"
"459",459,459,"182,182,182,182,182,182,182,182,182,182,182,182,182,182,182,182,182,182,182,182,GISTEMP,1926,-0.1"
"460",460,460,"183,183,183,183,183,183,183,183,183,183,183,183,183,183,183,183,183,183,183,183,GCAG,1925,-0.1481"
"461",461,461,"184,184,184,184,184,184,184,184,184,184,184,184,184,184,184,184,184,184,184,184,GISTEMP,1925,-0.21"
"462",462,462,"185,185,185,185,185,185,185,185,185,185,185,185,185,185,185,185,185,185,185,185,GCAG,1924,-0.2486"
"463",463,463,"186,186,186,186,186,186,186,186,186,186,186,186,186,186,186,186,186,186,186,186,GISTEMP,1924,-0.28"
"464",464,464,"187,187,187,187,187,187,187,187,187,187,187,187,187,187,187,187,187,187,187,187,GCAG,1923,-0.2156"
"465",465,465,"188,188,188,188,188,188,188,188,188,188,188,188,188,188,188,188,188,188,188,188,GISTEMP,1923,-0.24"
"466",466,466,"189,189,189,189,189,189,189,189,189,189,189,189,189,189,189,189,189,189,189,189,GCAG,1922,-0.2304"
"467",467,467,"190,190,190,190,190,190,190,190,190,190,190,190,190,190,190,190,190,190,190,190,GISTEMP,1922,-0.28"
"468",468,468,"191,191,191,191,191,191,191,191,191,191,191,191,191,191,191,191,191,191,191,191,GCAG,1921,-0.1485"
"469",469,469,"192,192,192,192,192,192,192,192,192,192,192,192,192,192,192,192,192,192,192,192,GISTEMP,1921,-0.21"
"470",470,470,"193,193,193,193,193,193,193,193,193,193,193,193,193,193,193,193,193,193,193,193,GCAG,1920,-0.2105"
"471",471,471,"194,194,194,194,194,194,194,194,194,194,194,194,194,194,194,194,194,194,194,194,GISTEMP,1920,-0.27"
"472",472,472,"195,195,195,195,195,195,195,195,195,195,195,195,195,195,195,195,195,195,195,195,GCAG,1919,-0.2055"
"473",473,473,"196,196,196,196,196,196,196,196,196,196,196,196,196,196,196,196,196,196,196,196,GISTEMP,1919,-0.22"
"474",474,474,"197,197,197,197,197,197,197,197,197,197,197,197,197,197,197,197,197,197,197,197,GCAG,1918,-0.2084"
"475",475,475,"198,198,198,198,198,198,198,198,198,198,198,198,198,198,198,198,198,198,198,198,GISTEMP,1918,-0.26"
"476",476,476,"199,199,199,199,199,199,199,199,199,199,199,199,199,199,199,199,199,199,199,199,GCAG,1917,-0.3146"
"477",477,477,"200,200,200,200,200,200,200,200,200,200,200,200,200,200,200,200,200,200,200,200,GISTEMP,1917,-0.4"
"478",478,478,"201,201,201,201,201,201,201,201,201,201,201,201,201,201,201,201,201,201,201,201,GCAG,1916,-0.293"
"479",479,479,"202,202,202,202,202,202,202,202,202,202,202,202,202,202,202,202,202,202,202,202,GISTEMP,1916,-0.34"
"480",480,480,"203,203,203,203,203,203,203,203,203,203,203,203,203,203,203,203,203,203,203,203,GCAG,1915,-0.0693"
"481",481,481,"204,204,204,204,204,204,204,204,204,204,204,204,204,204,204,204,204,204,204,204,GISTEMP,1915,-0.11"
"482",482,482,"205,205,205,205,205,205,205,205,205,205,205,205,205,205,205,205,205,205,205,205,GCAG,1914,-0.1395"
"483",483,483,"206,206,206,206,206,206,206,206,206,206,206,206,206,206,206,206,206,206,206,206,GISTEMP,1914,-0.16"
"484",484,484,"207,207,207,207,207,207,207,207,207,207,207,207,207,207,207,207,207,207,207,207,GCAG,1913,-0.3162"
"485",485,485,"208,208,208,208,208,208,208,208,208,208,208,208,208,208,208,208,208,208,208,208,GISTEMP,1913,-0.34"
"486",486,486,"209,209,209,209,209,209,209,209,209,209,209,209,209,209,209,209,209,209,209,209,GCAG,1912,-0.3288"
"487",487,487,"210,210,210,210,210,210,210,210,210,210,210,210,210,210,210,210,210,210,210,210,GISTEMP,1912,-0.35"
"488",488,488,"211,211,211,211,211,211,211,211,211,211,211,211,211,211,211,211,211,211,211,211,GCAG,1911,-0.4332"
"489",489,489,"212,212,212,212,212,212,212,212,212,212,212,212,212,212,212,212,212,212,212,212,GISTEMP,1911,-0.44"
"490",490,490,"213,213,213,213,213,213,213,213,213,213,213,213,213,213,213,213,213,213,213,213,GCAG,1910,-0.3789"
"491",491,491,"214,214,214,214,214,214,214,214,214,214,214,214,214,214,214,214,214,214,214,214,GISTEMP,1910,-0.42"
"492",492,492,"215,215,215,215,215,215,215,215,215,215,215,215,215,215,215,215,215,215,215,215,GCAG,1909,-0.4261"
"493",493,493,"216,216,216,216,216,216,216,216,216,216,216,216,216,216,216,216,216,216,216,216,GISTEMP,1909,-0.47"
"494",494,494,"217,217,217,217,217,217,217,217,217,217,217,217,217,217,217,217,217,217,217,217,GCAG,1908,-0.4396"
"495",495,495,"218,218,218,218,218,218,218,218,218,218,218,218,218,218,218,218,218,218,218,218,GISTEMP,1908,-0.43"
"496",496,496,"219,219,219,219,219,219,219,219,219,219,219,219,219,219,219,219,219,219,219,219,GCAG,1907,-0.3706"
"497",497,497,"220,220,220,220,220,220,220,220,220,220,220,220,220,220,220,220,220,220,220,220,GISTEMP,1907,-0.4"
"498",498,498,"221,221,221,221,221,221,221,221,221,221,221,221,221,221,221,221,221,221,221,221,GCAG,1906,-0.2174"
"499",499,499,"222,222,222,222,222,222,222,222,222,222,222,222,222,222,222,222,222,222,222,222,GISTEMP,1906,-0.23"
"500",500,500,"223,223,223,223,223,223,223,223,223,223,223,223,223,223,223,223,223,223,223,223,GCAG,1905,-0.2931"
"501",501,501,"224,224,224,224,224,224,224,224,224,224,224,224,224,224,224,224,224,224,224,224,GISTEMP,1905,-0.28"
"502",502,502,"225,225,225,225,225,225,225,225,225,225,225,225,225,225,225,225,225,225,225,225,GCAG,1904,-0.4194"
"503",503,503,"226,226,226,226,226,226,226,226,226,226,226,226,226,226,226,226,226,226,226,226,GISTEMP,1904,-0.44"
"504",504,504,"227,227,227,227,227,227,227,227,227,227,227,227,227,227,227,227,227,227,227,227,GCAG,1903,-0.3369"
"505",505,505,"228,228,228,228,228,228,228,228,228,228,228,228,228,228,228,228,228,228,228,228,GISTEMP,1903,-0.35"
"506",506,506,"229,229,229,229,229,229,229,229,229,229,229,229,229,229,229,229,229,229,229,229,GCAG,1902,-0.2463"
"507",507,507,"230,230,230,230,230,230,230,230,230,230,230,230,230,230,230,230,230,230,230,230,GISTEMP,1902,-0.27"
"508",508,508,"231,231,231,231,231,231,231,231,231,231,231,231,231,231,231,231,231,231,231,231,GCAG,1901,-0.1417"
"509",509,509,"232,232,232,232,232,232,232,232,232,232,232,232,232,232,232,232,232,232,232,232,GISTEMP,1901,-0.15"
"510",510,510,"233,233,233,233,233,233,233,233,233,233,233,233,233,233,233,233,233,233,233,233,GCAG,1900,-0.0679"
"511",511,511,"234,234,234,234,234,234,234,234,234,234,234,234,234,234,234,234,234,234,234,234,GISTEMP,1900,-0.09"
"512",512,512,"235,235,235,235,235,235,235,235,235,235,235,235,235,235,235,235,235,235,235,235,GCAG,1899,-0.1173"
"513",513,513,"236,236,236,236,236,236,236,236,236,236,236,236,236,236,236,236,236,236,236,236,GISTEMP,1899,-0.16"
"514",514,514,"237,237,237,237,237,237,237,237,237,237,237,237,237,237,237,237,237,237,237,237,GCAG,1898,-0.2546"
"515",515,515,"238,238,238,238,238,238,238,238,238,238,238,238,238,238,238,238,238,238,238,238,GISTEMP,1898,-0.28"
"516",516,516,"239,239,239,239,239,239,239,239,239,239,239,239,239,239,239,239,239,239,239,239,GCAG,1897,-0.1224"
"517",517,517,"240,240,240,240,240,240,240,240,240,240,240,240,240,240,240,240,240,240,240,240,GISTEMP,1897,-0.11"
"518",518,518,"241,241,241,241,241,241,241,241,241,241,241,241,241,241,241,241,241,241,241,241,GCAG,1896,-0.0974"
"519",519,519,"242,242,242,242,242,242,242,242,242,242,242,242,242,242,242,242,242,242,242,242,GISTEMP,1896,-0.15"
"520",520,520,"243,243,243,243,243,243,243,243,243,243,243,243,243,243,243,243,243,243,243,243,GCAG,1895,-0.229"
"521",521,521,"244,244,244,244,244,244,244,244,244,244,244,244,244,244,244,244,244,244,244,244,GISTEMP,1895,-0.21"
"522",522,522,"245,245,245,245,245,245,245,245,245,245,245,245,245,245,245,245,245,245,245,245,GCAG,1894,-0.2808"
"523",523,523,"246,246,246,246,246,246,246,246,246,246,246,246,246,246,246,246,246,246,246,246,GISTEMP,1894,-0.31"
"524",524,524,"247,247,247,247,247,247,247,247,247,247,247,247,247,247,247,247,247,247,247,247,GCAG,1893,-0.3212"
"525",525,525,"248,248,248,248,248,248,248,248,248,248,248,248,248,248,248,248,248,248,248,248,GISTEMP,1893,-0.3"
"526",526,526,"249,249,249,249,249,249,249,249,249,249,249,249,249,249,249,249,249,249,249,249,GCAG,1892,-0.3062"
"527",527,527,"250,250,250,250,250,250,250,250,250,250,250,250,250,250,250,250,250,250,250,250,GISTEMP,1892,-0.27"
"528",528,528,"251,251,251,251,251,251,251,251,251,251,251,251,251,251,251,251,251,251,251,251,GCAG,1891,-0.2532"
"529",529,529,"252,252,252,252,252,252,252,252,252,252,252,252,252,252,252,252,252,252,252,252,GISTEMP,1891,-0.24"
"530",530,530,"253,253,253,253,253,253,253,253,253,253,253,253,253,253,253,253,253,253,253,253,GCAG,1890,-0.322"
"531",531,531,"254,254,254,254,254,254,254,254,254,254,254,254,254,254,254,254,254,254,254,254,GISTEMP,1890,-0.37"
"532",532,532,"255,255,255,255,255,255,255,255,255,255,255,255,255,255,255,255,255,255,255,255,GCAG,1889,-0.0982"
"533",533,533,"256,256,256,256,256,256,256,256,256,256,256,256,256,256,256,256,256,256,256,256,GISTEMP,1889,-0.12"
"534",534,534,"257,257,257,257,257,257,257,257,257,257,257,257,257,257,257,257,257,257,257,257,GCAG,1888,-0.1471"
"535",535,535,"258,258,258,258,258,258,258,258,258,258,258,258,258,258,258,258,258,258,258,258,GISTEMP,1888,-0.2"
"536",536,536,"259,259,259,259,259,259,259,259,259,259,259,259,259,259,259,259,259,259,259,259,GCAG,1887,-0.2489"
"537",537,537,"260,260,260,260,260,260,260,260,260,260,260,260,260,260,260,260,260,260,260,260,GISTEMP,1887,-0.33"
"538",538,538,"261,261,261,261,261,261,261,261,261,261,261,261,261,261,261,261,261,261,261,261,GCAG,1886,-0.2003"
"539",539,539,"262,262,262,262,262,262,262,262,262,262,262,262,262,262,262,262,262,262,262,262,GISTEMP,1886,-0.31"
"540",540,540,"263,263,263,263,263,263,263,263,263,263,263,263,263,263,263,263,263,263,263,263,GCAG,1885,-0.2125"
"541",541,541,"264,264,264,264,264,264,264,264,264,264,264,264,264,264,264,264,264,264,264,264,GISTEMP,1885,-0.32"
"542",542,542,"265,265,265,265,265,265,265,265,265,265,265,265,265,265,265,265,265,265,265,265,GCAG,1884,-0.2009"
"543",543,543,"266,266,266,266,266,266,266,266,266,266,266,266,266,266,266,266,266,266,266,266,GISTEMP,1884,-0.28"
"544",544,544,"267,267,267,267,267,267,267,267,267,267,267,267,267,267,267,267,267,267,267,267,GCAG,1883,-0.1424"
"545",545,545,"268,268,268,268,268,268,268,268,268,268,268,268,268,268,268,268,268,268,268,268,GISTEMP,1883,-0.21"
"546",546,546,"269,269,269,269,269,269,269,269,269,269,269,269,269,269,269,269,269,269,269,269,GCAG,1882,-0.0648"
"547",547,547,"270,270,270,270,270,270,270,270,270,270,270,270,270,270,270,270,270,270,270,270,GISTEMP,1882,-0.1"
"548",548,548,"271,271,271,271,271,271,271,271,271,271,271,271,271,271,271,271,271,271,271,271,GCAG,1881,-0.0628"
"549",549,549,"272,272,272,272,272,272,272,272,272,272,272,272,272,272,272,272,272,272,272,272,GISTEMP,1881,-0.12"
"550",550,550,"273,273,273,273,273,273,273,273,273,273,273,273,273,273,273,273,273,273,273,273,GCAG,1880,-0.1148"
"551",551,551,"274,274,274,274,274,274,274,274,274,274,274,274,274,274,274,274,274,274,274,274,GISTEMP,1880,-0.2"
"552",552,552,">>>>>>> b8313874bc8c8e24176a31a9c573c3a8a4aa3918"
